{"cameraMode":{"drawMode":0,"name":"Shaded","section":"Shading Mode"},"sceneLighting":true,"audioPlay":false,"sceneViewState":{"showFog":true,"showMaterialUpdate":true,"showSkybox":true,"showFlares":true,"showImageEffects":true,"showParticleSystems":true},"in2DMode":false,"pivot":{"x":-5.67163610458374,"y":-1.7288753986358643,"z":-18.900644302368165},"rotation":{"x":0.45837506651878359,"y":-0.026655569672584535,"z":0.013755380176007748,"w":0.8882524371147156},"size":5.773242473602295,"orthographic":false}