{"cameraMode":{"drawMode":0,"name":"Shaded","section":"Shading Mode"},"sceneLighting":true,"audioPlay":false,"sceneViewState":{"showFog":true,"showMaterialUpdate":false,"showSkybox":true,"showFlares":true,"showImageEffects":true,"showParticleSystems":true},"in2DMode":false,"pivot":{"x":-0.9513101577758789,"y":-0.5858779549598694,"z":3.9303481578826906},"rotation":{"x":-0.10688288509845734,"y":0.7401663064956665,"z":-0.12120231986045838,"w":-0.6527183651924133},"size":7.971782684326172,"orthographic":false}