{"cameraMode":{"drawMode":2,"name":"Shaded Wireframe","section":"Shading Mode"},"sceneLighting":true,"audioPlay":false,"sceneViewState":{"showFog":true,"showMaterialUpdate":false,"showSkybox":true,"showFlares":true,"showImageEffects":true,"showParticleSystems":true},"in2DMode":false,"pivot":{"x":-17.363218307495118,"y":0.8999998569488525,"z":-24.84007453918457},"rotation":{"x":0.017688482999801637,"y":0.011095228604972363,"z":0.0001961489033419639,"w":-0.9997837543487549},"size":3.2447590827941896,"orthographic":false}