{"cameraMode":{"drawMode":0,"name":"Shaded","section":"Shading Mode"},"sceneLighting":true,"audioPlay":false,"sceneViewState":{"showFog":true,"showMaterialUpdate":false,"showSkybox":true,"showFlares":true,"showImageEffects":true,"showParticleSystems":true},"in2DMode":false,"pivot":{"x":-0.8031816482543945,"y":5.3108625411987309,"z":2.7172861099243166},"rotation":{"x":-0.036618947982788089,"y":-0.9612628817558289,"z":0.22338756918907166,"w":-0.1582808494567871},"size":11.446844100952149,"orthographic":false}