{"cameraMode":{"drawMode":0,"name":"Shaded","section":"Shading Mode"},"sceneLighting":true,"audioPlay":false,"sceneViewState":{"showFog":true,"showMaterialUpdate":false,"showSkybox":true,"showFlares":true,"showImageEffects":true,"showParticleSystems":true},"in2DMode":false,"pivot":{"x":-0.7168717384338379,"y":5.652944564819336,"z":2.1218957901000978},"rotation":{"x":-0.00019331852672621608,"y":-0.9841002821922302,"z":0.17786672711372376,"w":-0.001182993990369141},"size":1.9178225994110108,"orthographic":false}