{"cameraMode":{"drawMode":0,"name":"Shaded","section":"Shading Mode"},"sceneLighting":true,"audioPlay":false,"sceneViewState":{"showFog":true,"showMaterialUpdate":true,"showSkybox":true,"showFlares":true,"showImageEffects":true,"showParticleSystems":true},"in2DMode":false,"pivot":{"x":2.0576047897338869,"y":-25.079519271850587,"z":21.211368560791017},"rotation":{"x":0.3413397967815399,"y":0.1129741445183754,"z":-0.041367657482624057,"w":0.9322100877761841},"size":56.61410903930664,"orthographic":false}