{"cameraMode":{"drawMode":0,"name":"Shaded","section":"Shading Mode"},"sceneLighting":false,"audioPlay":false,"sceneViewState":{"showFog":true,"showMaterialUpdate":true,"showSkybox":false,"showFlares":true,"showImageEffects":true,"showParticleSystems":true},"in2DMode":false,"pivot":{"x":-8.442000389099121,"y":6.179647445678711,"z":-8.208000183105469},"rotation":{"x":0.11561683565378189,"y":-0.4348292648792267,"z":0.05640622600913048,"w":0.8912773132324219},"size":0.9687482714653015,"orthographic":false}