{"cameraMode":{"drawMode":0,"name":"Shaded","section":"Shading Mode"},"sceneLighting":true,"audioPlay":false,"sceneViewState":{"showFog":true,"showMaterialUpdate":true,"showSkybox":true,"showFlares":true,"showImageEffects":true,"showParticleSystems":true},"in2DMode":false,"pivot":{"x":16.954967498779298,"y":3.889054775238037,"z":7.824438095092773},"rotation":{"x":-0.01609533093869686,"y":0.4475475549697876,"z":0.008056608960032463,"w":0.894079864025116},"size":38.20133972167969,"orthographic":false}